expert_name,expert_role,experience_years,ticker,decision,preference,comment,chosen_label,method_for_a,method_for_b,chosen_method,survey_variant,actionability_choice,trust_score,confidence_score,mechanics_feedback,timestamp
Anonymous,Portfolio Manager,5,DB1.DE,"decision_a:BUY|decision_b:HOLD|features:volatility,momentum,volume_avg,return_1y,max_drawdown,ecb_rate,eur_usd,de_inflation,vix|attention:pass",A,"Reason: Explanation A is clear and easy to check: the BUY is mainly driven by the strong one-year return, plus low risk. Explanation B contradicts itself, it says ""decrease return from −0.05 to 0.11,"" but that's actually an increase. It also says lowering trading volume would weaken the BUY, which is backwards: volume is the result of people trading, not something you can change to move the decision. So I trust Explanation A more. (Deutsche Boerse)
---
Two things would make this clearer: 
1. The ""what-if"" wording should match the numbers : ""decrease return from −0.05 to 0.11"" is actually an increase. 
2. Trading volume is shown as something you can lower to change the decision, but volume is a result of people trading, not a cause you control, so that suggestion isn't realistic or usable. Also, the BUY depends heavily on past returns, which can reverse and shows nothing about price/value, adding that would give a fuller picture.  Basically are you paying a fair price for the profits you're getting or not.. 
The layout and plain labels are good and easy to use.",A,FEATURE_IMPORTANCE,COUNTERFACTUAL,FEATURE_IMPORTANCE,minimal_unbiased_single_page_v3_counterfactual,,4,3,"No, they seem theoretical",2026-05-22T14:42:01.648951
Anonymous,Portfolio Manager,5,ADS.DE,"decision_a:BUY|decision_b:HOLD|features:volatility,momentum,volume_avg,return_1y,ecb_rate|attention:fail",A,,A,COUNTERFACTUAL,FEATURE_IMPORTANCE,COUNTERFACTUAL,minimal_unbiased_single_page_v3_counterfactual,,5,5,"Yes, highly accurate",2026-05-28T04:51:50.200476
Anonymous,Portfolio Manager,5,ADS.DE,"decision_a:BUY|decision_b:HOLD|features:volatility,momentum,volume_avg,return_1y,ecb_rate|attention:fail",No,,No,COUNTERFACTUAL,FEATURE_IMPORTANCE,No,minimal_unbiased_single_page_v3_counterfactual,,5,5,"Yes, highly accurate",2026-05-28T04:52:19.501793
AK,Portfolio Manager,5,DB1.DE,"decision_a:BUY|decision_b:HOLD|features:volatility,momentum,volume_avg,return_1y,max_drawdown,ecb_rate,eur_usd,de_inflation,vix|attention:pass",A,"Reason: Explanation A is much easier to read and understand. It just tells me straight up which factors (like past returns and price drops) caused the AI to say 'BUY'. Explanation B is confusing because it's telling me that if the stock's returns improve, I should downgrade my decision to a 'HOLD'. That feels completely backward to me. For Ticker: DB1.DE
---
The interest rate hike and volume drop in Explanation B make total sense for changing to a HOLD. However, the model is confusing because it simultaneously requires the 1-year return to increase to trigger that same HOLD. The UI needs to explain how these conflicting factors interact such as whether the model is predicting an overbought 'bubble.' such that users can actually understand the scoring logic",A,FEATURE_IMPORTANCE,COUNTERFACTUAL,FEATURE_IMPORTANCE,minimal_unbiased_single_page_v3_counterfactual,,5,5,"No, they seem theoretical",2026-05-28T08:15:18.365977
Anonymous,Portfolio Manager,5,BMW.DE,"decision_a:HOLD|decision_b:BUY|features:volatility,momentum,volume_avg,return_1y|attention:pass",B,"Reason: Explanation B felt more convincing because it clearly shows what changes would be needed for the decision to move from HOLD to BUY. The improvement in return, trading volume, and momentum makes the explanation more actionable and easier to understand.
---
The explanations are useful, especially Explanation B, because it gives a clear what-if scenario. However, it would be better if the survey also explained whether the required changes are realistic in the current market situation.",B,FEATURE_IMPORTANCE,COUNTERFACTUAL,COUNTERFACTUAL,minimal_unbiased_single_page_v3_counterfactual,,6,5,Somewhat accurate,2026-05-28T17:45:55.846291
Anonymous,Portfolio Manager,5,ADS.DE,"decision_a:HOLD|decision_b:BUY|features:volatility,momentum,volume_avg,return_1y|attention:pass",B,,B,FEATURE_IMPORTANCE,COUNTERFACTUAL,COUNTERFACTUAL,minimal_unbiased_single_page_v3_counterfactual,,6,5,Somewhat accurate,2026-05-28T17:46:47.105535
Anonymous,Portfolio Manager,5,ADS.DE,"decision_a:HOLD|decision_b:BUY|features:volatility,momentum,volume_avg,return_1y|attention:fail",A,,A,FEATURE_IMPORTANCE,COUNTERFACTUAL,FEATURE_IMPORTANCE,minimal_unbiased_single_page_v3_counterfactual,,5,5,"Yes, highly accurate",2026-05-28T17:56:54.375790
Anonymous,Portfolio Manager,5,ADS.DE,"decision_a:HOLD|decision_b:BUY|features:volatility,momentum,volume_avg,return_1y|attention:fail",No,,No,FEATURE_IMPORTANCE,COUNTERFACTUAL,No,minimal_unbiased_single_page_v3_counterfactual,,5,5,Somewhat accurate,2026-05-28T17:57:01.932376
Anonymous,Portfolio Manager,5,ADS.DE,"decision_a:HOLD|decision_b:BUY|features:volatility,momentum,volume_avg,return_1y|attention:fail",B,"Reason: It     was clearer because it showed specific feature changes that could change the decision from HOLD to BUY. It felt more actionable and easier to interpret.
---
The explanations were easy to compare and the counterfactual suggestions were useful.",B,FEATURE_IMPORTANCE,COUNTERFACTUAL,COUNTERFACTUAL,minimal_unbiased_single_page_v3_counterfactual,,5,6,Somewhat accurate,2026-05-28T18:44:21.485858
Anonymous,Portfolio Manager,5,DB1.DE,"decision_a:BUY|decision_b:HOLD|features:volatility,momentum,volume_avg,return_1y|attention:fail",No,,No,FEATURE_IMPORTANCE,COUNTERFACTUAL,No,minimal_unbiased_single_page_v3_counterfactual,,7,5,"Yes, highly accurate",2026-05-30T17:56:24.892404
Anonymous,Portfolio Manager,5,MBG.DE,"decision_a:HOLD|decision_b:BUY|features:volatility,momentum,volume_avg,return_1y|attention:fail",No,,No,FEATURE_IMPORTANCE,COUNTERFACTUAL,No,minimal_unbiased_single_page_v3_counterfactual,,5,5,"Yes, highly accurate",2026-05-30T17:56:49.935947
Anonymous,Portfolio Manager,5,ADS.DE,"decision_a:HOLD|decision_b:BUY|features:volatility,momentum,volume_avg,return_1y|attention:pass",B,,B,FEATURE_IMPORTANCE,COUNTERFACTUAL,COUNTERFACTUAL,minimal_unbiased_single_page_v3_counterfactual,,6,6,"Yes, highly accurate",2026-05-30T18:06:49.589940
Anonymous,Portfolio Manager,5,AIR.DE,"decision_a:HOLD|decision_b:BUY|features:volatility,momentum,volume_avg,return_1y|attention:fail",A,"Reason: Clearer drivers and explanation
---
",A,COUNTERFACTUAL,FEATURE_IMPORTANCE,COUNTERFACTUAL,minimal_unbiased_single_page_v3_counterfactual,,6,7,"Yes, highly accurate",2026-05-30T18:59:13.557868
Anonymous,Portfolio Manager,5,ADS.DE,"decision_a:HOLD|decision_b:BUY|features:volatility,momentum,volume_avg,return_1y|attention:fail",No,,No,FEATURE_IMPORTANCE,COUNTERFACTUAL,No,minimal_unbiased_single_page_v3_counterfactual,,4,1,"Yes, highly accurate",2026-05-30T20:23:58.691827
Anonymous,Portfolio Manager,5,ADS.DE,"decision_a:BUY|decision_b:HOLD|features:volatility,momentum,volume_avg,return_1y|attention:fail",No,.,No,COUNTERFACTUAL,FEATURE_IMPORTANCE,No,minimal_unbiased_single_page_v3_counterfactual,,5,5,"Yes, highly accurate",2026-05-30T22:20:30.172588
Anonymous,Portfolio Manager,5,ADS.DE,"decision_a:BUY|decision_b:HOLD|features:volatility,momentum,volume_avg,return_1y|attention:fail",No,,No,COUNTERFACTUAL,FEATURE_IMPORTANCE,No,minimal_unbiased_single_page_v3_counterfactual,,5,5,"Yes, highly accurate",2026-05-30T22:20:34.013217
Anonymous,Portfolio Manager,5,ADS.DE,"decision_a:BUY|decision_b:HOLD|features:volatility,momentum,volume_avg,return_1y|attention:fail",No,.,No,COUNTERFACTUAL,FEATURE_IMPORTANCE,No,minimal_unbiased_single_page_v3_counterfactual,,5,5,"Yes, highly accurate",2026-05-30T22:20:36.568587
Anonymous,Portfolio Manager,5,ADS.DE,"decision_a:BUY|decision_b:HOLD|features:volatility,momentum,volume_avg,return_1y|attention:fail",No,,No,COUNTERFACTUAL,FEATURE_IMPORTANCE,No,minimal_unbiased_single_page_v3_counterfactual,,5,5,"Yes, highly accurate",2026-05-30T22:20:39.835739
Anonymous,Portfolio Manager,5,ADS.DE,"decision_a:BUY|decision_b:HOLD|features:volatility,momentum,volume_avg,return_1y|attention:fail",No,Jo,No,COUNTERFACTUAL,FEATURE_IMPORTANCE,No,minimal_unbiased_single_page_v3_counterfactual,,6,5,"Yes, highly accurate",2026-05-30T22:20:53.145072
Anonymous,Portfolio Manager,5,ADS.DE,"decision_a:HOLD|decision_b:BUY|features:volatility,momentum,volume_avg,return_1y|attention:fail",No,,No,FEATURE_IMPORTANCE,COUNTERFACTUAL,No,minimal_unbiased_single_page_v3_counterfactual,,5,1,"Yes, highly accurate",2026-05-31T02:02:04.272997
Anonymous,Portfolio Manager,5,ADS.DE,"decision_a:HOLD|decision_b:BUY|features:volatility,momentum,volume_avg,return_1y|attention:fail",No,,No,FEATURE_IMPORTANCE,COUNTERFACTUAL,No,minimal_unbiased_single_page_v3_counterfactual,,5,5,"Yes, highly accurate",2026-05-31T02:02:07.639339
Anonymous,Portfolio Manager,5,ALV.DE,"decision_a:BUY|decision_b:HOLD|features:volatility,momentum,volume_avg,return_1y|attention:fail",B,,B,FEATURE_IMPORTANCE,COUNTERFACTUAL,COUNTERFACTUAL,minimal_unbiased_single_page_v3_counterfactual,,6,5,Somewhat accurate,2026-05-31T04:01:03.141470
Anonymous,Portfolio Manager,5,ALV.DE,"decision_a:BUY|decision_b:HOLD|features:volatility,momentum,volume_avg,return_1y|attention:pass",No,,No,FEATURE_IMPORTANCE,COUNTERFACTUAL,No,minimal_unbiased_single_page_v3_counterfactual,,5,5,"Yes, highly accurate",2026-05-31T04:01:15.201937
Anonymous,Portfolio Manager,5,ADS.DE,"decision_a:HOLD|decision_b:BUY|features:volatility,momentum,volume_avg,return_1y|attention:fail",No,,No,FEATURE_IMPORTANCE,COUNTERFACTUAL,No,minimal_unbiased_single_page_v3_counterfactual,,5,5,"Yes, highly accurate",2026-06-01T08:05:57.400732
Jegatheesh Kannan,Portfolio Manager,5,BAS.DE,"decision_a:BUY|decision_b:HOLD|features:volatility,momentum,volume_avg,return_1y|attention:pass",A,"Reason: It beeter matched my intuition and it considers most factors that affect the price of a security.
---
",A,COUNTERFACTUAL,FEATURE_IMPORTANCE,COUNTERFACTUAL,minimal_unbiased_single_page_v3_counterfactual,,6,5,"Yes, highly accurate",2026-06-01T10:32:16.022530
